{
  "images" : [
    {
      "size" : "20x20",
      "idiom" : "iphone",
      "filename" : "240_F_222708513_OBAuRNa1KjujUd1c9qcK2E2pwxYhjEnx-6.jpg",
      "scale" : "2x"
    },
    {
      "size" : "20x20",
      "idiom" : "iphone",
      "filename" : "240_F_222708513_OBAuRNa1KjujUd1c9qcK2E2pwxYhjEnx-4.jpg",
      "scale" : "3x"
    },
    {
      "size" : "29x29",
      "idiom" : "iphone",
      "filename" : "240_F_222708513_OBAuRNa1KjujUd1c9qcK2E2pwxYhjEnx-5.jpg",
      "scale" : "2x"
    },
    {
      "size" : "29x29",
      "idiom" : "iphone",
      "filename" : "60-2.jpg",
      "scale" : "3x"
    },
    {
      "size" : "40x40",
      "idiom" : "iphone",
      "filename" : "240_F_222708513_OBAuRNa1KjujUd1c9qcK2E2pwxYhjEnx-7.jpg",
      "scale" : "2x"
    },
    {
      "size" : "40x40",
      "idiom" : "iphone",
      "filename" : "60-3.jpg",
      "scale" : "3x"
    },
    {
      "size" : "60x60",
      "idiom" : "iphone",
      "filename" : "60.jpg",
      "scale" : "2x"
    },
    {
      "size" : "60x60",
      "idiom" : "iphone",
      "filename" : "60-1.jpg",
      "scale" : "3x"
    },
    {
      "size" : "20x20",
      "idiom" : "ipad",
      "filename" : "60-9.jpg",
      "scale" : "1x"
    },
    {
      "size" : "20x20",
      "idiom" : "ipad",
      "filename" : "60-8.jpg",
      "scale" : "2x"
    },
    {
      "size" : "29x29",
      "idiom" : "ipad",
      "filename" : "60-7.jpg",
      "scale" : "1x"
    },
    {
      "size" : "29x29",
      "idiom" : "ipad",
      "filename" : "60-5.jpg",
      "scale" : "2x"
    },
    {
      "size" : "40x40",
      "idiom" : "ipad",
      "filename" : "60-6.jpg",
      "scale" : "1x"
    },
    {
      "size" : "40x40",
      "idiom" : "ipad",
      "filename" : "60-4.jpg",
      "scale" : "2x"
    },
    {
      "size" : "76x76",
      "idiom" : "ipad",
      "filename" : "240_F_222708513_OBAuRNa1KjujUd1c9qcK2E2pwxYhjEnx-2.jpg",
      "scale" : "1x"
    },
    {
      "size" : "76x76",
      "idiom" : "ipad",
      "filename" : "240_F_222708513_OBAuRNa1KjujUd1c9qcK2E2pwxYhjEnx-1.jpg",
      "scale" : "2x"
    },
    {
      "size" : "83.5x83.5",
      "idiom" : "ipad",
      "filename" : "240_F_222708513_OBAuRNa1KjujUd1c9qcK2E2pwxYhjEnx.jpg",
      "scale" : "2x"
    },
    {
      "size" : "1024x1024",
      "idiom" : "ios-marketing",
      "filename" : "240_F_222708513_OBAuRNa1KjujUd1c9qcK2E2pwxYhjEnx-3.jpg",
      "scale" : "1x"
    }
  ],
  "info" : {
    "version" : 1,
    "author" : "xcode"
  }
}